{"AH":0,"AL":0,"AX":0,"BH":0,"BL":0,"BP":0,"BPL":0,"BX":0,"CH":0,"CL":0,"CR0":17,"CR1":0,"CR2":0,"CR3":0,"CR4":0,"CR8":10,"CS":0,"CX":0,"DH":0,"DI":0,"DIL":0,"DL":0,"DR0":0,"DR1":0,"DR2":0,"DR3":0,"DR4":0,"DR5":0,"DR6":4294905840,"DR7":1024,"DS":0,"DX":0,"EAX":0,"EBP":0,"EBX":0,"ECX":0,"EDI":0,"EDX":0,"EFLAGS":0,"EIP":0,"ES":0,"ESI":0,"ESP":0,"FCS":0,"FDP":0,"FDS":0,"FIP":0,"FLAGS":0,"FOP":0,"FPCW":0,"FPSW":0,"FPTAG":0,"FS":0,"FS_BASE":0,"GS":0,"GS_BASE":0,"IP":0,"K0":10,"K1":10,"K2":10,"K3":10,"K4":10,"K5":10,"K6":10,"K7":10,"LDTR":0,"MM0":10,"MM1":10,"MM2":10,"MM3":10,"MM4":10,"MM5":10,"MM6":10,"MM7":10,"MSR":10,"MXCSR":0,"R10":0,"R10B":0,"R10D":0,"R10W":0,"R11":0,"R11B":0,"R11D":0,"R11W":0,"R12":0,"R12B":0,"R12D":0,"R12W":0,"R13":0,"R13B":0,"R13D":0,"R13W":0,"R14":0,"R14B":0,"R14D":0,"R14W":0,"R15":0,"R15B":0,"R15D":0,"R15W":0,"R8":0,"R8B":0,"R8D":0,"R8W":0,"R9":0,"R9B":0,"R9D":0,"R9W":0,"RAX":4616189618054759169,"RBP":8388608,"RBX":18,"RCX":0,"RDI":4616189618054759169,"RDX":0,"RFLAGS":2,"RIP":4137,"RSI":0,"RSP":8388600,"SI":0,"SIL":0,"SP":0,"SPL":0,"SS":0,"TR":0,"XMM0[0:63]":0.0,"XMM0[64:127]":2.25,"XMM10[0:63]":0.0,"XMM10[64:127]":0.0,"XMM11[0:63]":0.0,"XMM11[64:127]":0.0,"XMM12[0:63]":0.0,"XMM12[64:127]":0.0,"XMM13[0:63]":0.0,"XMM13[64:127]":0.0,"XMM14[0:63]":0.0,"XMM14[64:127]":0.0,"XMM15[0:63]":0.0,"XMM15[64:127]":0.0,"XMM16[0:63]":1.0253096660781796e-32,"XMM16[64:127]":4.5914945482066956e-41,"XMM17[0:63]":1.0253096660781796e-32,"XMM17[64:127]":4.5914945482066956e-41,"XMM18[0:63]":1.0253096660781796e-32,"XMM18[64:127]":4.5914945482066956e-41,"XMM19[0:63]":1.0253096660781796e-32,"XMM19[64:127]":4.5914945482066956e-41,"XMM1[0:63]":0.0,"XMM1[64:127]":0.0,"XMM20[0:63]":1.0253096660781796e-32,"XMM20[64:127]":4.5914945482066956e-41,"XMM21[0:63]":1.0253096660781796e-32,"XMM21[64:127]":4.5914945482066956e-41,"XMM22[0:63]":1.0253096660781796e-32,"XMM22[64:127]":4.5914945482066956e-41,"XMM23[0:63]":1.0253096660781796e-32,"XMM23[64:127]":4.5914945482066956e-41,"XMM24[0:63]":1.0253096660781796e-32,"XMM24[64:127]":4.5914945482066956e-41,"XMM25[0:63]":1.0253096660781796e-32,"XMM25[64:127]":4.5914945482066956e-41,"XMM26[0:63]":1.0253096660781796e-32,"XMM26[64:127]":4.5914945482066956e-41,"XMM27[0:63]":1.0253096660781796e-32,"XMM27[64:127]":4.5914945482066956e-41,"XMM28[0:63]":1.0253096660781796e-32,"XMM28[64:127]":4.5914945482066956e-41,"XMM29[0:63]":1.0253096660781796e-32,"XMM29[64:127]":4.5914945482066956e-41,"XMM2[0:63]":0.0,"XMM2[64:127]":0.0,"XMM30[0:63]":1.0253096660781796e-32,"XMM30[64:127]":4.5914945482066956e-41,"XMM31[0:63]":1.0253096660781796e-32,"XMM31[64:127]":4.5914945482066956e-41,"XMM3[0:63]":0.0,"XMM3[64:127]":0.0,"XMM4[0:63]":0.0,"XMM4[64:127]":0.0,"XMM5[0:63]":0.0,"XMM5[64:127]":0.0,"XMM6[0:63]":0.0,"XMM6[64:127]":0.0,"XMM7[0:63]":0.0,"XMM7[64:127]":0.0,"XMM8[0:63]":0.0,"XMM8[64:127]":0.0,"XMM9[0:63]":0.0,"XMM9[64:127]":0.0}
